"State","Abbrev","Code"
"Alaska","Alaska","AK"
"California","Calif.","CA"
"Hawaii","Hawaii","HI"
"Oregon","Ore.","OR"
"Washington","Wash.","WA"
"Colorado","Colo.","CO"
"Wyoming","Wyo.","WY"
"Montana","Mont.","MT"
"Idaho","Idaho","ID"
"Nevada","Nev.","NV"
"Utah","Utah","UT"
